{
    "KjYg8oSj": {
        "uses": 0,
        "amount": 1000,
        "type": "offline",
        "start": 0
    },
    "Hif9BLGX": {
        "uses": 0,
        "amount": 1000,
        "type": "offline",
        "start": 0
    },
    "C17baaOG": {
        "uses": 0,
        "amount": 500,
        "type": "offline",
        "start": 1001
    },
    "MiNDI7eX": {
        "uses": 0,
        "amount": 400,
        "type": "offline",
        "start": 1500
    },
    "xZRdIcqq": {
        "uses": 1,
        "amount": 1000,
        "type": "offline",
        "start": 0
    },
    "DCbbBm6t": {
        "uses": 0,
        "amount": 1000,
        "type": "offline",
        "start": 0
    },
    "0y2b6zaR": {
        "uses": 0,
        "amount": 1000,
        "type": "offline",
        "start": 3000
    },
    "V8Zb3kls": {
        "uses": 0,
        "amount": 1000,
        "type": "offline",
        "start": 4000
    },
    "MToEupPZ": {
        "uses": 0,
        "amount": 4000,
        "type": "offline",
        "start": 0
    },
    "Tefp6uBS": {
        "uses": 0,
        "amount": 1000,
        "type": "offline",
        "start": 0
    },
    "36gdcTR6": {
        "uses": 0,
        "amount": 1000,
        "type": "offline",
        "start": 0
    },
    "NDmeDXcA": {
        "uses": 0,
        "amount": 1000,
        "type": "offline",
        "start": 0
    },
    "ONg41Vbc": {
        "uses": 0,
        "amount": 20000,
        "type": "offline",
        "start": 0
    },
    "A44lNb7L": {
        "uses": 0,
        "amount": 1000,
        "type": "offline",
        "start": 0
    },
    "tnYxVm0I": {
        "uses": 0,
        "amount": 100,
        "type": "offline",
        "start": 0
    },
    "gNvMnxQB": {
        "uses": 0,
        "amount": 1000,
        "type": "offline",
        "start": 0
    },
    "wHvm8cOQ": {
        "uses": 0,
        "amount": 14000,
        "type": "offline",
        "start": 0
    },
    "qNzULXNd": {
        "uses": 0,
        "amount": 1000,
        "type": "offline",
        "start": 0
    },
    "UQITJXes": {
        "uses": 0,
        "amount": 1000,
        "type": "online",
        "start": 0
    },
    "iJ7mfIN7": {
        "uses": 0,
        "amount": 1000,
        "type": "online",
        "start": 0
    },
    "oe7dPx7w": {
        "uses": 0,
        "amount": 200,
        "type": "online",
        "start": 0
    },
    "Agjo5fEK": {
        "uses": 0,
        "amount": 1000,
        "type": "online",
        "start": 0
    },
    "QquKtz5b": {
        "uses": 0,
        "amount": 1000,
        "type": "online",
        "start": 0
    },
    "PlWtlxFU": {
        "uses": 0,
        "amount": 1000,
        "type": "online",
        "start": 0
    },
    "VoFp0Us6": {
        "uses": 0,
        "amount": 1000,
        "type": "online",
        "start": 0
    },
    "a3g0SDYh": {
        "uses": 0,
        "amount": 500,
        "type": "offline",
        "start": 0
    },
    "SCD0o8c6": {
        "uses": 0,
        "amount": 220,
        "type": "online",
        "start": 0
    },
    "0X3GZ8wj": {
        "uses": 0,
        "amount": 1000,
        "type": "online",
        "start": 0
    },
    "sfNNzbFo": {
        "uses": 1,
        "amount": 1,
        "type": "offline",
        "start": 0
    },
    "hoYgLIYo": {
        "uses": 0,
        "amount": 1000,
        "type": "online",
        "start": 0
    },
    "TaA5ShiP": {
        "uses": 0,
        "amount": 1000,
        "type": "offline",
        "start": 0
    },
    "fxLEwddT": {
        "uses": 0,
        "amount": 1000,
        "type": "online",
        "start": 0
    },
    "515LHAyZ": {
        "uses": 0,
        "amount": 100,
        "type": "online",
        "start": 0
    },
    "tIRsxe5v": {
        "uses": 0,
        "amount": 700,
        "type": "offline",
        "start": 0
    },
    "CEovdDsz": {
        "uses": 0,
        "amount": 300,
        "type": "online",
        "start": 0
    },
    "qvJyMjmI": {
        "uses": 0,
        "amount": 1000,
        "type": "offline",
        "start": 0
    },
    "OK80vd7x": {
        "uses": 1,
        "amount": 0,
        "type": "offline",
        "start": 0
    },
    "mhlP1lVu": {
        "uses": 0,
        "amount": 1000,
        "type": "offline",
        "start": 0
    },
    "rXhPWh24": {
        "uses": 0,
        "amount": 400,
        "type": "online",
        "start": 600
    },
    "KGBBxedv": {
        "uses": 0,
        "amount": 500,
        "type": "offline",
        "start": 0
    },
    "kqcmovmX": {
        "uses": 0,
        "amount": 1000,
        "type": "online",
        "start": 0
    },
    "SAMEcHvC": {
        "uses": 0,
        "amount": 5000,
        "type": "offline",
        "start": 0
    },
    "cRIgPhXO": {
        "uses": 0,
        "amount": 1000,
        "type": "offline",
        "start": 0
    },
    "V8ewStsE": {
        "uses": 0,
        "amount": 200,
        "type": "online",
        "start": 0
    },
    "DWceq2lw": {
        "uses": 0,
        "amount": 1000,
        "type": "offline",
        "start": 0
    },
    "5m3zbe5X": {
        "uses": 0,
        "amount": 1000,
        "type": "offline",
        "start": 1001
    },
    "tElGeVSo": {
        "uses": 0,
        "amount": 1000,
        "type": "offline",
        "start": 0
    },
    "TPcqNcCC": {
        "uses": 0,
        "amount": 1000,
        "type": "online",
        "start": 0
    },
    "6VdLXqNH": {
        "uses": 0,
        "amount": 1000,
        "type": "online",
        "start": 0
    },
    "IuoEMCbg": {
        "uses": 0,
        "amount": 9500,
        "type": "offline",
        "start": 0
    },
    "SaW6EJBx": {
        "uses": 0,
        "amount": 15000,
        "type": "offline",
        "start": 0
    },
    "VoJbmlSR": {
        "uses": 0,
        "amount": 500,
        "type": "online",
        "start": 501
    },
    "XRIqowbi": {
        "uses": 0,
        "amount": 1000,
        "type": "online",
        "start": 0
    },
    "TuPQTvS7": {
        "uses": 0,
        "amount": 1000,
        "type": "online",
        "start": 0
    },
    "Jy2XYJ11": {
        "uses": 1,
        "amount": 1000,
        "type": "online",
        "start": 0
    },
    "AqeufivT": {
        "uses": 0,
        "amount": 1000,
        "type": "online",
        "start": 0
    },
    "5tIzS6FI": {
        "uses": 0,
        "amount": 400,
        "type": "online",
        "start": 601
    },
    "lrWOa98B": {
        "uses": 0,
        "amount": 1000,
        "type": "offline",
        "start": 0
    },
    "A5qyVSHB": {
        "uses": 0,
        "amount": 9000,
        "type": "offline",
        "start": 0
    },
    "pf4MxyUL": {
        "uses": 0,
        "amount": 1000,
        "type": "online",
        "start": 0
    },
    "ehOqAGrn": {
        "uses": 0,
        "amount": 200,
        "type": "online",
        "start": 801
    },
    "KEAX05X3": {
        "uses": 0,
        "amount": 100,
        "type": "online",
        "start": 0
    },
    "1TurTz36": {
        "uses": 0,
        "amount": 500,
        "type": "online",
        "start": 501
    },
    "NUPcaL3G": {
        "uses": 0,
        "amount": 5000,
        "type": "offline",
        "start": 0
    },
    "6CM3EVrn": {
        "uses": 0,
        "amount": 1000,
        "type": "online",
        "start": 0
    },
    "33SmpDvw": {
        "uses": 0,
        "amount": 1000,
        "type": "online",
        "start": 0
    },
    "VMVroTW2": {
        "uses": 0,
        "amount": 900,
        "type": "online",
        "start": 100
    },
    "Svk6wNff": {
        "uses": 0,
        "amount": 1000,
        "type": "offline",
        "start": 15001
    },
    "eB3alUe2": {
        "uses": 0,
        "amount": 20000,
        "type": "offline",
        "start": 0
    },
    "r3NNiQcO": {
        "uses": 0,
        "amount": 700,
        "type": "online",
        "start": 301
    },
    "fcDSFSKj": {
        "uses": 0,
        "amount": 20000,
        "type": "offline",
        "start": 0
    },
    "z4oGDOYa": {
        "uses": 0,
        "amount": 1000,
        "type": "offline",
        "start": 0
    },
    "KKIZ3scB": {
        "uses": 0,
        "amount": 3000,
        "type": "offline",
        "start": 0
    },
    "aaOI4Grs": {
        "uses": 0,
        "amount": 1000,
        "type": "online",
        "start": 0
    },
    "YfSidIhk": {
        "uses": 0,
        "amount": 14000,
        "type": "offline",
        "start": 0
    },
    "pq9C9NJN": {
        "uses": 0,
        "amount": 300,
        "type": "online",
        "start": 0
    },
    "5ohQDnSU": {
        "uses": 0,
        "amount": 500,
        "type": "offline",
        "start": 1001
    },
    "7XJTrEBB": {
        "uses": 0,
        "amount": 650,
        "type": "offline",
        "start": 0
    },
    "efjZqXYf": {
        "uses": 0,
        "amount": 200,
        "type": "online",
        "start": 801
    },
    "CNy8jQJE": {
        "uses": 0,
        "amount": 2800,
        "type": "offline",
        "start": 0
    },
    "IWXAa2bA": {
        "uses": 0,
        "amount": 6000,
        "type": "offline",
        "start": 0
    },
    "6y4u1WWh": {
        "uses": 0,
        "amount": 1000,
        "type": "online",
        "start": 0
    },
    "VqA2ZOCm": {
        "uses": 0,
        "amount": 20500,
        "type": "offline",
        "start": 0
    },
    "P2VMh46w": {
        "uses": 0,
        "amount": 5500,
        "type": "offline",
        "start": 15000
    },
    "SJN2GhBu": {
        "uses": 0,
        "amount": 5500,
        "type": "offline",
        "start": 15000
    },
    "fa3zEczw": {
        "uses": 0,
        "amount": 100,
        "type": "online",
        "start": 901
    },
    "tkySWk0R": {
        "uses": 0,
        "amount": 100,
        "type": "online",
        "start": 901
    },
    "2vCuJU2J": {
        "uses": 0,
        "amount": 300,
        "type": "online",
        "start": 701
    },
    "TtFeAxbI": {
        "uses": 1,
        "amount": 500,
        "type": "offline",
        "start": 0
    },
    "ZEIP9xkC": {
        "uses": 1,
        "amount": 500,
        "type": "online",
        "start": 501
    },
    "BbYyajmA": {
        "uses": 0,
        "amount": 500,
        "type": "online",
        "start": 501
    },
    "qluDxXEZ": {
        "uses": 0,
        "amount": 1000,
        "type": "offline",
        "start": 0
    },
    "hr6z8p4w": {
        "uses": 0,
        "amount": 1000,
        "type": "online",
        "start": 0
    },
    "FtMH0NS7": {
        "uses": 0,
        "amount": 500,
        "type": "online",
        "start": 501
    },
    "Cc7ECoUM": {
        "uses": 0,
        "amount": 500,
        "type": "offline",
        "start": 0
    },
    "u0pkd6Jm": {
        "uses": 0,
        "amount": 3000,
        "type": "offline",
        "start": 0
    },
    "5zYwzs87": {
        "uses": 0,
        "amount": 1000,
        "type": "offline",
        "start": 0
    },
    "IaKv0sov": {
        "uses": 0,
        "amount": 1000,
        "type": "online",
        "start": 0
    },
    "TzDF234d": {
        "uses": 0,
        "amount": 500,
        "type": "online",
        "start": 501
    },
    "unYtOucZ": {
        "uses": 0,
        "amount": 1000,
        "type": "offline",
        "start": 0
    },
    "vVXsTU43": {
        "uses": 0,
        "amount": 100,
        "type": "online",
        "start": 0
    },
    "6TMxufCq": {
        "uses": 0,
        "amount": 700,
        "type": "offline",
        "start": 0
    },
    "jfP2kZDZ": {
        "uses": 0,
        "amount": 300,
        "type": "online",
        "start": 701
    },
    "miz63L8c": {
        "uses": 0,
        "amount": 1000,
        "type": "online",
        "start": 0
    },
    "PcRxf6Op": {
        "uses": 0,
        "amount": 5000,
        "type": "offline",
        "start": 0
    },
    "2jIJxrfi": {
        "uses": 0,
        "amount": 1000,
        "type": "online",
        "start": 0
    },
    "FgbhjMgP": {
        "uses": 0,
        "amount": 200,
        "type": "online",
        "start": 801
    },
    "yowNeRhg": {
        "uses": 0,
        "amount": 5000,
        "type": "offline",
        "start": 0
    },
    "PtGs723w": {
        "uses": 0,
        "amount": 100,
        "type": "online",
        "start": 901
    },
    "g4VlNRX0": {
        "uses": 0,
        "amount": 1000,
        "type": "online",
        "start": 0
    },
    "x9YHeq8s": {
        "uses": 0,
        "amount": 200,
        "type": "online",
        "start": 801
    },
    "2ZwBzZRr": {
        "uses": 0,
        "amount": 4000,
        "type": "offline",
        "start": 1000
    },
    "dEKh21I3": {
        "uses": 0,
        "amount": 500,
        "type": "online",
        "start": 0
    },
    "E95Wdea5": {
        "uses": 0,
        "amount": 1000,
        "type": "offline",
        "start": 0
    },
    "aPGUB7op": {
        "uses": 0,
        "amount": 1000,
        "type": "offline",
        "start": 1001
    },
    "clWMPdCa": {
        "uses": 0,
        "amount": 1600,
        "type": "offline",
        "start": 400
    },
    "Bkxh2ImA": {
        "uses": 0,
        "amount": 1000,
        "type": "offline",
        "start": 0
    },
    "oDu75649": {
        "uses": 0,
        "amount": 1000,
        "type": "online",
        "start": 0
    },
    "bH4jp04p": {
        "uses": 0,
        "amount": 1000,
        "type": "online",
        "start": 0
    },
    "Yci5QIft": {
        "uses": 0,
        "amount": 3000,
        "type": "offline",
        "start": 0
    },
    "zZ19mlNY": {
        "uses": 0,
        "amount": 500,
        "type": "online",
        "start": 501
    },
    "KXKydggp": {
        "uses": 0,
        "amount": 20000,
        "type": "offline",
        "start": 0
    },
    "8kzPCaSZ": {
        "uses": 0,
        "amount": 1000,
        "type": "online",
        "start": 0
    },
    "TEQ1qZ1D": {
        "uses": 0,
        "amount": 600,
        "type": "offline",
        "start": 0
    },
    "YNbDsTdG": {
        "uses": 0,
        "amount": 1000,
        "type": "offline",
        "start": 0
    },
    "CMbvsBOr": {
        "uses": 0,
        "amount": 1000,
        "type": "online",
        "start": 0
    },
    "fxPbelKL": {
        "uses": 0,
        "amount": 1000,
        "type": "online",
        "start": 0
    },
    "LopMJ2eq": {
        "uses": 0,
        "amount": 1000,
        "type": "online",
        "start": 0
    },
    "BmLgVSiA": {
        "uses": 0,
        "amount": 500,
        "type": "online",
        "start": 501
    },
    "Y4e2qglQ": {
        "uses": 0,
        "amount": 1000,
        "type": "online",
        "start": 0
    },
    "JTL9EoA0": {
        "uses": 1,
        "amount": 500,
        "type": "offline",
        "start": 1001
    },
    "TG45mDwH": {
        "uses": 0,
        "amount": 600,
        "type": "online",
        "start": 401
    },
    "B4RAGVP7": {
        "uses": 0,
        "amount": 1500,
        "type": "offline",
        "start": 1001
    },
    "XQlwYwN7": {
        "uses": 0,
        "amount": 200,
        "type": "online",
        "start": 801
    },
    "G7FIAORw": {
        "uses": 0,
        "amount": 1000,
        "type": "online",
        "start": 0
    },
    "TCahuw4G": {
        "uses": 0,
        "amount": 1000,
        "type": "online",
        "start": 0
    },
    "x8V8Isnm": {
        "uses": 0,
        "amount": 1000,
        "type": "offline",
        "start": 1001
    },
    "7V3yrP0O": {
        "uses": 0,
        "amount": 1000,
        "type": "offline",
        "start": 1001
    },
    "qFsjkjNp": {
        "uses": 0,
        "amount": 1000,
        "type": "online",
        "start": 0
    },
    "59S1YqhU": {
        "uses": 0,
        "amount": 1000,
        "type": "offline",
        "start": 2001
    },
    "JXYlBtMM": {
        "uses": 0,
        "amount": 1000,
        "type": "offline",
        "start": 3001
    },
    "8W1gauVS": {
        "uses": 0,
        "amount": 1000,
        "type": "online",
        "start": 0
    },
    "nMrM06DA": {
        "uses": 0,
        "amount": 2000,
        "type": "offline",
        "start": 3001
    },
    "SMEomBuc": {
        "uses": 0,
        "amount": 1000,
        "type": "online",
        "start": 0
    },
    "meASKfep": {
        "uses": 0,
        "amount": 1000,
        "type": "online",
        "start": 0
    },
    "3Hz4Su4S": {
        "uses": 0,
        "amount": 5000,
        "type": "offline",
        "start": 0
    },
    "fzljQMyG": {
        "uses": 0,
        "amount": 500,
        "type": "online",
        "start": 501
    },
    "2QIZFNby": {
        "uses": 0,
        "amount": 1000,
        "type": "online",
        "start": 0
    },
    "Y4roY3lU": {
        "uses": 0,
        "amount": 1000,
        "type": "online",
        "start": 0
    },
    "8LtEInjG": {
        "uses": 0,
        "amount": 1000,
        "type": "online",
        "start": 0
    },
    "6heVsRVH": {
        "uses": 0,
        "amount": 1000,
        "type": "online",
        "start": 0
    },
    "ohAVkxF8": {
        "uses": 0,
        "amount": 1000,
        "type": "online",
        "start": 0
    },
    "NsYHWSLM": {
        "uses": 0,
        "amount": 1000,
        "type": "online",
        "start": 0
    },
    "fRFVMPpX": {
        "uses": 1,
        "amount": 1000,
        "type": "online",
        "start": 0
    },
    "XNyyqlSX": {
        "uses": 1,
        "amount": 500,
        "type": "online",
        "start": 501
    },
    "Yfqj2PGi": {
        "uses": 1,
        "amount": 1000,
        "type": "offline",
        "start": 2001
    },
    "eWZ4l1Ad": {
        "uses": 0,
        "amount": 1000,
        "type": "offline",
        "start": 2001
    },
    "uAGCNHja": {
        "uses": 0,
        "amount": 1000,
        "type": "online",
        "start": 0
    },
    "OBNkiWqJ": {
        "uses": 0,
        "amount": 1000,
        "type": "online",
        "start": 0
    },
    "QXmBa4hk": {
        "uses": 0,
        "amount": 1000,
        "type": "online",
        "start": 0
    },
    "ohJio838": {
        "uses": 0,
        "amount": 1000,
        "type": "online",
        "start": 0
    },
    "xVp6xIaa": {
        "uses": 0,
        "amount": 1000,
        "type": "online",
        "start": 0
    },
    "tK91c5V6": {
        "uses": 0,
        "amount": 1000,
        "type": "offline",
        "start": 0
    },
    "TdZ9aM7N": {
        "uses": 0,
        "amount": 1000,
        "type": "online",
        "start": 0
    },
    "btb9VGKT": {
        "uses": 0,
        "amount": 1000,
        "type": "online",
        "start": 0
    },
    "gN4fJfHJ": {
        "uses": 1,
        "amount": 500,
        "type": "online",
        "start": 501
    },
    "t30H3MAI": {
        "uses": 0,
        "amount": 1000,
        "type": "online",
        "start": 0
    },
    "BBOqitu5": {
        "uses": 0,
        "amount": 1000,
        "type": "offline",
        "start": 3001
    },
    "gfqXET8p": {
        "uses": 0,
        "amount": 400,
        "type": "online",
        "start": 601
    },
    "oJnYVUya": {
        "uses": 0,
        "amount": 400,
        "type": "online",
        "start": 601
    },
    "AEwDRbv3": {
        "uses": 0,
        "amount": 300,
        "type": "online",
        "start": 701
    },
    "K2tirNiJ": {
        "uses": 0,
        "amount": 2600,
        "type": "offline",
        "start": 3001
    },
    "CBsRAske": {
        "uses": 1,
        "amount": 1000,
        "type": "offline",
        "start": 3001
    },
    "n5khzgt8": {
        "uses": 0,
        "amount": 1000,
        "type": "offline",
        "start": 3001
    },
    "VHBJzzKp": {
        "uses": 0,
        "amount": 400,
        "type": "online",
        "start": 601
    },
    "NsKgY5jC": {
        "uses": 0,
        "amount": 2000,
        "type": "offline",
        "start": 2001
    },
    "cuD7xdId": {
        "uses": 0,
        "amount": 500,
        "type": "online",
        "start": 501
    },
    "kBOpsjoq": {
        "uses": 0,
        "amount": 1000,
        "type": "offline",
        "start": 5001
    },
    "xjMVEOj0": {
        "uses": 0,
        "amount": 400,
        "type": "offline",
        "start": 2001
    },
    "s9aXtGAd": {
        "uses": 0,
        "amount": 100,
        "type": "online",
        "start": 901
    },
    "MFacbYjM": {
        "uses": 0,
        "amount": 1000,
        "type": "offline",
        "start": 8001
    },
    "vsJMlKWs": {
        "uses": 0,
        "amount": 1000,
        "type": "online",
        "start": 0
    },
    "rzP8up6q": {
        "uses": 0,
        "amount": 1000,
        "type": "offline",
        "start": 1001
    },
    "SDyee9mO": {
        "uses": 0,
        "amount": 750,
        "type": "offline",
        "start": 1001
    },
    "UbqQMVsy": {
        "uses": 0,
        "amount": 250,
        "type": "online",
        "start": 750
    },
    "yHWG3lel": {
        "uses": 0,
        "amount": 1000,
        "type": "online",
        "start": 0
    },
    "3kTAvUsz": {
        "uses": 0,
        "amount": 1000,
        "type": "online",
        "start": 0
    },
    "eBNr5WGf": {
        "uses": 0,
        "amount": 1000,
        "type": "offline",
        "start": 2001
    },
    "XAShrTu7": {
        "uses": 0,
        "amount": 1000,
        "type": "online",
        "start": 0
    },
    "L4X0NtrL": {
        "uses": 0,
        "amount": 4000,
        "type": "offline",
        "start": 2001
    },
    "J4Hx89F2": {
        "uses": 0,
        "amount": 1000,
        "type": "online",
        "start": 0
    },
    "uZ7dKXfR": {
        "uses": 0,
        "amount": 1000,
        "type": "online",
        "start": 0
    },
    "y4OSeyk9": {
        "uses": 0,
        "amount": 1000,
        "type": "online",
        "start": 0
    },
    "T8dOeLec": {
        "uses": 0,
        "amount": 1000,
        "type": "online",
        "start": 0
    },
    "hyx4u6Nw": {
        "uses": 0,
        "amount": 1000,
        "type": "online",
        "start": 0
    },
    "i9Javn5t": {
        "uses": 0,
        "amount": 1000,
        "type": "online",
        "start": 0
    },
    "gSeZZwMU": {
        "uses": 0,
        "amount": 1000,
        "type": "online",
        "start": 0
    },
    "Aj1DqXfG": {
        "uses": 0,
        "amount": 200,
        "type": "online",
        "start": 801
    },
    "3i3CL7OU": {
        "uses": 0,
        "amount": 800,
        "type": "offline",
        "start": 2001
    },
    "pSnH7OHs": {
        "uses": 0,
        "amount": 1000,
        "type": "offline",
        "start": 2001
    },
    "x1mXt7xx": {
        "uses": 0,
        "amount": 1000,
        "type": "online",
        "start": 0
    },
    "XEoMiSKU": {
        "uses": 0,
        "amount": 2000,
        "type": "offline",
        "start": 2001
    },
    "Ig8IaHQg": {
        "uses": 0,
        "amount": 20500,
        "type": "offline",
        "start": 0
    },
    "m4n3kiL8": {
        "uses": 0,
        "amount": 1000,
        "type": "offline",
        "start": 3001
    },
    "UYj1KE78": {
        "uses": 0,
        "amount": 2000,
        "type": "offline",
        "start": 2001
    },
    "1UiKolug": {
        "uses": 1,
        "amount": 1000,
        "type": "online",
        "start": 0
    },
    "NGEvG0eN": {
        "uses": 0,
        "amount": 1000,
        "type": "online",
        "start": 0
    },
    "kidMIopl": {
        "uses": 0,
        "amount": 500,
        "type": "online",
        "start": 501
    },
    "aQwdvGVF": {
        "uses": 0,
        "amount": 1000,
        "type": "offline",
        "start": 2001
    },
    "1x2XhiQP": {
        "uses": 0,
        "amount": 1000,
        "type": "offline",
        "start": 3001
    },
    "d6rJT0xK": {
        "uses": 0,
        "amount": 1000,
        "type": "online",
        "start": 0
    },
    "4hrNcS3R": {
        "uses": 0,
        "amount": 1000,
        "type": "offline",
        "start": 4001
    },
    "KkaJ9XYz": {
        "uses": 0,
        "amount": 6000,
        "type": "offline",
        "start": 0
    },
    "YOIyZ0WL": {
        "uses": 0,
        "amount": 8000,
        "type": "offline",
        "start": 11000
    },
    "Qo4Hbkcn": {
        "uses": 0,
        "amount": 1000,
        "type": "offline",
        "start": 3001
    },
    "rlZcRizO": {
        "uses": 0,
        "amount": 1000,
        "type": "offline",
        "start": 3001
    },
    "S9xahRxo": {
        "uses": 0,
        "amount": 1000,
        "type": "online",
        "start": 0
    },
    "bqgRE420": {
        "uses": 0,
        "amount": 1000,
        "type": "online",
        "start": 0
    },
    "OOEFd7tN": {
        "uses": 0,
        "amount": 1000,
        "type": "online",
        "start": 0
    },
    "OPmpd34k": {
        "uses": 0,
        "amount": 1000,
        "type": "online",
        "start": 0
    },
    "aZcJ5oHB": {
        "uses": 0,
        "amount": 2000,
        "type": "offline",
        "start": 3001
    },
    "ZlcDjek2": {
        "uses": 0,
        "amount": 1000,
        "type": "online",
        "start": 0
    },
    "mgqSbfP9": {
        "uses": 0,
        "amount": 600,
        "type": "online",
        "start": 0
    },
    "GWgLB9wo": {
        "uses": 0,
        "amount": 1000,
        "type": "online",
        "start": 0
    },
    "PNWUHklY": {
        "uses": 0,
        "amount": 250,
        "type": "online",
        "start": 0
    },
    "gqwBZ2YU": {
        "uses": 0,
        "amount": 1000,
        "type": "online",
        "start": 0
    },
    "LjzkHpuj": {
        "uses": 0,
        "amount": 2000,
        "type": "offline",
        "start": 0
    },
    "r7blWnI8": {
        "uses": 0,
        "amount": 150,
        "type": "online",
        "start": 0
    },
    "vvRQsG8o": {
        "uses": 0,
        "amount": 2000,
        "type": "offline",
        "start": 0
    },
    "szwIdCGc": {
        "uses": 0,
        "amount": 300,
        "type": "online",
        "start": 0
    },
    "ejWSmjl6": {
        "uses": 0,
        "amount": 700,
        "type": "offline",
        "start": 0
    },
    "Zh8FdD4W": {
        "uses": 0,
        "amount": 1000,
        "type": "online",
        "start": 0
    },
    "xPVOSjAb": {
        "uses": 0,
        "amount": 500,
        "type": "online",
        "start": 0
    },
    "sHGX9uVa": {
        "uses": 0,
        "amount": 500,
        "type": "offline",
        "start": 0
    },
    "YNGpmdQ8": {
        "uses": 0,
        "amount": 750,
        "type": "offline",
        "start": 0
    },
    "3l85qGZ8": {
        "uses": 0,
        "amount": 1000,
        "type": "offline",
        "start": 0
    },
    "ZDNnzoZK": {
        "uses": 0,
        "amount": 1000,
        "type": "online",
        "start": 0
    },
    "WySFpalO": {
        "uses": 0,
        "amount": 1000,
        "type": "offline",
        "start": 0
    },
    "rPWnUBZU": {
        "uses": 0,
        "amount": 1000,
        "type": "offline",
        "start": 0
    },
    "XCTwtzKR": {
        "uses": 0,
        "amount": 1000,
        "type": "online",
        "start": 0
    },
    "WlwQejSU": {
        "uses": 0,
        "amount": 1000,
        "type": "online",
        "start": 0
    },
    "nABGrJkT": {
        "uses": 3,
        "amount": 1000,
        "type": "online",
        "start": 0
    },
    "WZUYVDwV": {
        "uses": 0,
        "amount": 1000,
        "type": "offline",
        "start": 0
    },
    "JhGfdgoC": {
        "uses": 1,
        "amount": 200,
        "type": "offline",
        "start": 0
    },
    "VNc0LbAu": {
        "uses": 0,
        "amount": 500,
        "type": "offline",
        "start": 1001
    },
    "OCZnoU8v": {
        "uses": 0,
        "amount": 500,
        "type": "offline",
        "start": 1001
    },
    "Botq6E5W": {
        "uses": 0,
        "amount": 1000,
        "type": "online",
        "start": 0
    },
    "izUxkrCY": {
        "uses": 0,
        "amount": 1000,
        "type": "online",
        "start": 0
    },
    "6IVB82GX": {
        "uses": 0,
        "amount": 250,
        "type": "online",
        "start": 251
    },
    "SlqkN2eF": {
        "uses": 0,
        "amount": 500,
        "type": "online",
        "start": 0
    },
    "inLnDeLg": {
        "uses": 0,
        "amount": 500,
        "type": "online",
        "start": 0
    },
    "52HSE6FF": {
        "uses": 0,
        "amount": 10000,
        "type": "offline",
        "start": 0
    },
    "WuSttp91": {
        "uses": 0,
        "amount": 200,
        "type": "online",
        "start": 0
    },
    "2nJ73KVZ": {
        "uses": 0,
        "amount": 1000,
        "type": "online",
        "start": 0
    },
    "m8vfzivU": {
        "uses": 0,
        "amount": 1000,
        "type": "offline",
        "start": 1001
    },
    "1Fj4MOm3": {
        "uses": 0,
        "amount": 100,
        "type": "online",
        "start": 0
    },
    "FZK1AUyi": {
        "uses": 0,
        "amount": 500,
        "type": "offline",
        "start": 2001
    },
    "DZ5orwb2": {
        "uses": 0,
        "amount": 100,
        "type": "online",
        "start": 200
    },
    "r19y4iPH": {
        "uses": 0,
        "amount": 3000,
        "type": "offline",
        "start": 0
    },
    "poXY3Ext": {
        "uses": 0,
        "amount": 7000,
        "type": "offline",
        "start": 0
    },
    "Ce7Nz0XK": {
        "uses": 0,
        "amount": 1000,
        "type": "offline",
        "start": 1001
    },
    "0kjEL2dN": {
        "uses": 0,
        "amount": 1000,
        "type": "online",
        "start": 0
    },
    "0DlZNWBE": {
        "uses": 0,
        "amount": 5000,
        "type": "offline",
        "start": 1001
    },
    "cqezX3ow": {
        "uses": 0,
        "amount": 1000,
        "type": "online",
        "start": 0
    },
    "EdOKHGef": {
        "uses": 0,
        "amount": 1000,
        "type": "online",
        "start": 0
    },
    "V60CF0Od": {
        "uses": 0,
        "amount": 1000,
        "type": "online",
        "start": 0
    },
    "eCUo1Rrs": {
        "uses": 0,
        "amount": 1000,
        "type": "online",
        "start": 0
    },
    "5JzElXnF": {
        "uses": 0,
        "amount": 1000,
        "type": "online",
        "start": 0
    },
    "2JI9TIqM": {
        "uses": 0,
        "amount": 400,
        "type": "offline",
        "start": 1001
    },
    "r0ZtNV91": {
        "uses": 0,
        "amount": 200,
        "type": "online",
        "start": 801
    },
    "aMamOfPk": {
        "uses": 0,
        "amount": 1000,
        "type": "online",
        "start": 0
    },
    "anxSsCbK": {
        "uses": 0,
        "amount": 500,
        "type": "online",
        "start": 501
    },
    "LEtJDZJl": {
        "uses": 0,
        "amount": 6000,
        "type": "offline",
        "start": 2001
    },
    "Cd3voPhE": {
        "uses": 0,
        "amount": 1000,
        "type": "offline",
        "start": 2001
    },
    "kofOnUKf": {
        "uses": 0,
        "amount": 300,
        "type": "online",
        "start": 701
    },
    "DxMXW24K": {
        "uses": 0,
        "amount": 200,
        "type": "online",
        "start": 801
    },
    "YbZmc1iT": {
        "uses": 0,
        "amount": 1000,
        "type": "online",
        "start": 0
    },
    "iBVMUi9F": {
        "uses": 0,
        "amount": 200,
        "type": "online",
        "start": 0
    },
    "jK3qGv5O": {
        "uses": 0,
        "amount": 300,
        "type": "offline",
        "start": 6001
    },
    "vru3dAur": {
        "uses": 0,
        "amount": 500,
        "type": "offline",
        "start": 2001
    },
    "uGJ6H3zz": {
        "uses": 0,
        "amount": 750,
        "type": "offline",
        "start": 2501
    },
    "4VkV7kpz": {
        "uses": 0,
        "amount": 500,
        "type": "online",
        "start": 501
    },
    "UIV8dx1j": {
        "uses": 0,
        "amount": 100,
        "type": "online",
        "start": 901
    },
    "0VzpZz14": {
        "uses": 0,
        "amount": 500,
        "type": "online",
        "start": 501
    },
    "Y6QwKhAC": {
        "uses": 0,
        "amount": 1000,
        "type": "online",
        "start": 0
    },
    "m5T17g1w": {
        "uses": 0,
        "amount": 1000,
        "type": "online",
        "start": 0
    },
    "AaCr5nVH": {
        "uses": 0,
        "amount": 1000,
        "type": "online",
        "start": 0
    },
    "wd9izGUe": {
        "uses": 0,
        "amount": 1000,
        "type": "online",
        "start": 0
    },
    "aVDFuEOY": {
        "uses": 0,
        "amount": 1000,
        "type": "online",
        "start": 0
    },
    "VwpNLyGB": {
        "uses": 0,
        "amount": 6000,
        "type": "offline",
        "start": 2001
    },
    "0bxvhI09": {
        "uses": 0,
        "amount": 1000,
        "type": "online",
        "start": 0
    },
    "kwCyBIq3": {
        "uses": 0,
        "amount": 250,
        "type": "online",
        "start": 0
    },
    "X5rAGF4P": {
        "uses": 0,
        "amount": 200,
        "type": "online",
        "start": 0
    },
    "HDmjq4ST": {
        "uses": 0,
        "amount": 1000,
        "type": "online",
        "start": 0
    },
    "2hVMs9Vh": {
        "uses": 0,
        "amount": 200,
        "type": "offline",
        "start": 2001
    },
    "Ue54YMPe": {
        "uses": 0,
        "amount": 1000,
        "type": "offline",
        "start": 2001
    },
    "JP5MQDRQ": {
        "uses": 0,
        "amount": 1000,
        "type": "online",
        "start": 0
    },
    "OlI2DGxP": {
        "uses": 0,
        "amount": 1000,
        "type": "online",
        "start": 0
    },
    "Azmw7Fem": {
        "uses": 0,
        "amount": 1000,
        "type": "online",
        "start": 0
    },
    "DyQmelkH": {
        "uses": 0,
        "amount": 1000,
        "type": "online",
        "start": 0
    },
    "cwgRjQfv": {
        "uses": 0,
        "amount": 500,
        "type": "online",
        "start": 501
    },
    "LRMSvIGT": {
        "uses": 0,
        "amount": 1000,
        "type": "offline",
        "start": 2001
    },
    "PNLgrhLj": {
        "uses": 0,
        "amount": 1,
        "type": "offline",
        "start": 0
    },
    "v06ap1XD": {
        "uses": 0,
        "amount": 1000,
        "type": "online",
        "start": 0
    },
    "M0XXktuu": {
        "uses": 0,
        "amount": 1000,
        "type": "online",
        "start": 0
    },
    "OvX93A3P": {
        "uses": 0,
        "amount": 1000,
        "type": "online",
        "start": 0
    },
    "gLnFspA7": {
        "uses": 0,
        "amount": 250,
        "type": "online",
        "start": 750
    },
    "LxrwHlLs": {
        "uses": 0,
        "amount": 1000,
        "type": "offline",
        "start": 2001
    },
    "ItBmYg0m": {
        "uses": 0,
        "amount": 1000,
        "type": "offline",
        "start": 2001
    },
    "tJNRvJ6j": {
        "uses": 0,
        "amount": 1000,
        "type": "offline",
        "start": 2001
    },
    "4QQZRLI0": {
        "uses": 0,
        "amount": 1000,
        "type": "offline",
        "start": 2001
    },
    "e5DCeCAV": {
        "uses": 1,
        "amount": 1000,
        "type": "offline",
        "start": 2001
    },
    "N0EYPTzv": {
        "uses": 1,
        "amount": 1000,
        "type": "offline",
        "start": 2001
    },
    "a9dqdFBP": {
        "uses": 1,
        "amount": 1000,
        "type": "offline",
        "start": 2001
    },
    "chsvIeSy": {
        "uses": 0,
        "amount": 500,
        "type": "offline",
        "start": 2001
    },
    "LQttJcXq": {
        "uses": 0,
        "amount": 500,
        "type": "offline",
        "start": 2501
    },
    "a1CSu8xS": {
        "uses": 0,
        "amount": 800,
        "type": "online",
        "start": 201
    },
    "fjJ4kA2j": {
        "uses": 0,
        "amount": 7000,
        "type": "offline",
        "start": 1001
    },
    "78yAz2p2": {
        "uses": 0,
        "amount": 1000,
        "type": "online",
        "start": 0
    },
    "HLcbimV5": {
        "uses": 1,
        "amount": 1000,
        "type": "online",
        "start": 0
    },
    "vcvMr6Jd": {
        "uses": 0,
        "amount": 100,
        "type": "online",
        "start": 0
    },
    "2bft5ZHI": {
        "uses": 0,
        "amount": 1000,
        "type": "online",
        "start": 0
    },
    "9wRZ91Cb": {
        "uses": 0,
        "amount": 300,
        "type": "online",
        "start": 701
    },
    "jkQDUYKe": {
        "uses": 0,
        "amount": 600,
        "type": "online",
        "start": 401
    },
    "pD5x3wZ3": {
        "uses": 0,
        "amount": 2000,
        "type": "offline",
        "start": 1001
    },
    "otPRIxNy": {
        "uses": 0,
        "amount": 1000,
        "type": "online",
        "start": 0
    },
    "5tvO4yCl": {
        "uses": 0,
        "amount": 1000,
        "type": "online",
        "start": 0
    },
    "lpEW0RXh": {
        "uses": 0,
        "amount": 1000,
        "type": "offline",
        "start": 1001
    },
    "K4xslvWV": {
        "uses": 1,
        "amount": 1000,
        "type": "online",
        "start": 0
    },
    "tcCh1FHw": {
        "uses": 0,
        "amount": 1000,
        "type": "online",
        "start": 0
    },
    "2UJq3mNU": {
        "uses": 0,
        "amount": 1000,
        "type": "online",
        "start": 0
    },
    "P8dZKAu6": {
        "uses": 0,
        "amount": 250,
        "type": "online",
        "start": 751
    },
    "qQcKeTxn": {
        "uses": 0,
        "amount": 1000,
        "type": "online",
        "start": 0
    },
    "YOhDvZvl": {
        "uses": 0,
        "amount": 1000,
        "type": "online",
        "start": 0
    },
    "aahWhdUO": {
        "uses": 0,
        "amount": 1000,
        "type": "online",
        "start": 0
    },
    "tfOuCgeV": {
        "uses": 0,
        "amount": 1000,
        "type": "offline",
        "start": 3001
    },
    "LsUeL7JD": {
        "uses": 0,
        "amount": 1000,
        "type": "online",
        "start": 0
    },
    "NI0P9SEH": {
        "uses": 0,
        "amount": 1000,
        "type": "online",
        "start": 0
    },
    "RVh42lFe": {
        "uses": 0,
        "amount": 1000,
        "type": "online",
        "start": 0
    },
    "OppYwk3V": {
        "uses": 0,
        "amount": 1000,
        "type": "online",
        "start": 0
    },
    "axnK3uHT": {
        "uses": 0,
        "amount": 1000,
        "type": "online",
        "start": 0
    },
    "ptBS04aO": {
        "uses": 0,
        "amount": 4000,
        "type": "offline",
        "start": 2001
    },
    "1dfKKbfB": {
        "uses": 0,
        "amount": 500,
        "type": "online",
        "start": 501
    },
    "emd7Cefz": {
        "uses": 0,
        "amount": 500,
        "type": "online",
        "start": 501
    },
    "HgmhEW9J": {
        "uses": 0,
        "amount": 3000,
        "type": "offline",
        "start": 4001
    },
    "G0bRXu8l": {
        "uses": 0,
        "amount": 500,
        "type": "online",
        "start": 501
    },
    "lEBAZwxx": {
        "uses": 0,
        "amount": 500,
        "type": "online",
        "start": 501
    },
    "DxolJZQp": {
        "uses": 0,
        "amount": 1000,
        "type": "offline",
        "start": 2001
    },
    "77VWditu": {
        "uses": 0,
        "amount": 500,
        "type": "online",
        "start": 501
    },
    "VBEAsdcO": {
        "uses": 0,
        "amount": 500,
        "type": "offline",
        "start": 2001
    },
    "3Ggv0sFQ": {
        "uses": 0,
        "amount": 200,
        "type": "online",
        "start": 801
    },
    "2TwEHpHA": {
        "uses": 0,
        "amount": 300,
        "type": "offline",
        "start": 3501
    },
    "pBgRkXeO": {
        "uses": 0,
        "amount": 400,
        "type": "online",
        "start": 601
    },
    "ef5hHbGI": {
        "uses": 0,
        "amount": 600,
        "type": "offline",
        "start": 1001
    },
    "QWcgAZAj": {
        "uses": 0,
        "amount": 0,
        "type": "online",
        "start": 0
    },
    "Ir9iZTf1": {
        "uses": 0,
        "amount": 1000,
        "type": "online",
        "start": 0
    },
    "inVJpBoj": {
        "uses": 0,
        "amount": 250,
        "type": "online",
        "start": 501
    },
    "muZ6v3HF": {
        "uses": 0,
        "amount": 250,
        "type": "online",
        "start": 751
    },
    "A7BSY2YX": {
        "uses": 0,
        "amount": 500,
        "type": "offline",
        "start": 2001
    },
    "21CkgUQQ": {
        "uses": 0,
        "amount": 500,
        "type": "online",
        "start": 501
    },
    "td5MB6VB": {
        "uses": 0,
        "amount": 1000,
        "type": "online",
        "start": 0
    },
    "f18yWh1o": {
        "uses": 0,
        "amount": 1000,
        "type": "online",
        "start": 0
    },
    "z7IkwWcx": {
        "uses": 0,
        "amount": 500,
        "type": "online",
        "start": 501
    },
    "6a2I87Yi": {
        "uses": 0,
        "amount": 1000,
        "type": "online",
        "start": 0
    },
    "PT9JI7nd": {
        "uses": 0,
        "amount": 1000,
        "type": "online",
        "start": 0
    },
    "11hGPAUD": {
        "uses": 0,
        "amount": 1000,
        "type": "online",
        "start": 0
    },
    "t0MtGZ8j": {
        "uses": 0,
        "amount": 500,
        "type": "offline",
        "start": 1501
    },
    "DkACVuYZ": {
        "uses": 0,
        "amount": 1000,
        "type": "online",
        "start": 0
    },
    "aEDnLmd6": {
        "uses": 0,
        "amount": 1000,
        "type": "online",
        "start": 0
    },
    "5LlU0aWZ": {
        "uses": 0,
        "amount": 2000,
        "type": "offline",
        "start": 1001
    },
    "Dyj2L0IX": {
        "uses": 0,
        "amount": 2000,
        "type": "offline",
        "start": 3001
    },
    "4fHqeTw1": {
        "uses": 0,
        "amount": 100,
        "type": "online",
        "start": 901
    },
    "YEVtxOpp": {
        "uses": 0,
        "amount": 100,
        "type": "online",
        "start": 0
    },
    "77bnLPci": {
        "uses": 0,
        "amount": 200,
        "type": "online",
        "start": 0
    },
    "xy5JWadF": {
        "uses": 0,
        "amount": 534,
        "type": "online",
        "start": 0
    },
    "CWlOBMhj": {
        "uses": 0,
        "amount": 300,
        "type": "online",
        "start": 0
    },
    "W6BkZfqp": {
        "uses": 0,
        "amount": 250,
        "type": "online",
        "start": 0
    },
    "LutDaz7k": {
        "uses": 0,
        "amount": 1000,
        "type": "offline",
        "start": 3001
    },
    "V0rF74oX": {
        "uses": 0,
        "amount": 500,
        "type": "offline",
        "start": 3501
    },
    "FcbWdEqr": {
        "uses": 0,
        "amount": 3000,
        "type": "offline",
        "start": 3001
    },
    "Cih63vY5": {
        "uses": 0,
        "amount": 1000,
        "type": "online",
        "start": 0
    },
    "9CAufFUV": {
        "uses": 0,
        "amount": 1000,
        "type": "online",
        "start": 0
    },
    "q8S0pGSj": {
        "uses": 0,
        "amount": 1000,
        "type": "online",
        "start": 0
    },
    "J2pC77N5": {
        "uses": 0,
        "amount": 1000,
        "type": "online",
        "start": 0
    },
    "on4N1QzI": {
        "uses": 0,
        "amount": 5000,
        "type": "offline",
        "start": 3001
    },
    "bz9oyZk1": {
        "uses": 0,
        "amount": 1000,
        "type": "online",
        "start": 0
    },
    "PxJpECmH": {
        "uses": 0,
        "amount": 500,
        "type": "online",
        "start": 501
    },
    "mARVAZgm": {
        "uses": 0,
        "amount": 1000,
        "type": "online",
        "start": 0
    },
    "eL81gh8g": {
        "uses": 0,
        "amount": 20000,
        "type": "offline",
        "start": 0
    },
    "NSbQYAgn": {
        "uses": 0,
        "amount": 300,
        "type": "online",
        "start": 701
    },
    "Dm1UQLDI": {
        "uses": 0,
        "amount": 700,
        "type": "offline",
        "start": 4001
    },
    "IHsk5DpQ": {
        "uses": 0,
        "amount": 500,
        "type": "online",
        "start": 501
    },
    "eh2D2Lpk": {
        "uses": 0,
        "amount": 250,
        "type": "offline",
        "start": 3001
    },
    "jdxHuOMH": {
        "uses": 0,
        "amount": 1000,
        "type": "online",
        "start": 0
    },
    "5hOqKvFE": {
        "uses": 0,
        "amount": 6000,
        "type": "offline",
        "start": 3001
    },
    "A2rde7b4": {
        "uses": 0,
        "amount": 1000,
        "type": "online",
        "start": 0
    },
    "XPAYcWX1": {
        "uses": 1,
        "amount": 1000,
        "type": "online",
        "start": 0
    },
    "pxJveadR": {
        "uses": 0,
        "amount": 1000,
        "type": "offline",
        "start": 3001
    },
    "AxqHJJmE": {
        "uses": 0,
        "amount": 500,
        "type": "online",
        "start": 501
    },
    "hAT5N1iu": {
        "uses": 0,
        "amount": 1000,
        "type": "online",
        "start": 0
    },
    "5mfQtoWe": {
        "uses": 1,
        "amount": 500,
        "type": "online",
        "start": 501
    },
    "PTD1v5vg": {
        "uses": 0,
        "amount": 1000,
        "type": "online",
        "start": 0
    },
    "ttDHxwjG": {
        "uses": 0,
        "amount": 300,
        "type": "online",
        "start": 701
    },
    "nczpvXqX": {
        "uses": 0,
        "amount": 250,
        "type": "online",
        "start": 751
    },
    "h9VtUYFO": {
        "uses": 0,
        "amount": 250,
        "type": "online",
        "start": 751
    },
    "Y7KcM2z7": {
        "uses": 0,
        "amount": 1000,
        "type": "offline",
        "start": 3001
    },
    "DACmRyrs": {
        "uses": 0,
        "amount": 500,
        "type": "online",
        "start": 301
    },
    "L2k6J60G": {
        "uses": 0,
        "amount": 600,
        "type": "online",
        "start": 201
    },
    "LXrLvoFi": {
        "uses": 0,
        "amount": 200,
        "type": "online",
        "start": 0
    },
    "RLam5Rga": {
        "uses": 0,
        "amount": 2000,
        "type": "offline",
        "start": 0
    },
    "W1Pboype": {
        "uses": 0,
        "amount": 1000,
        "type": "online",
        "start": 0
    },
    "Blhg1Ntx": {
        "uses": 0,
        "amount": 1000,
        "type": "online",
        "start": 0
    },
    "gSY0sSWe": {
        "uses": 0,
        "amount": 201,
        "type": "online",
        "start": 801
    },
    "EdeSJeh6": {
        "uses": 0,
        "amount": 201,
        "type": "online",
        "start": 801
    },
    "2K4g8siC": {
        "uses": 0,
        "amount": 201,
        "type": "online",
        "start": 801
    },
    "U5mGhysO": {
        "uses": 0,
        "amount": 800,
        "type": "offline",
        "start": 0
    },
    "aVymV35Q": {
        "uses": 0,
        "amount": 1000,
        "type": "online",
        "start": 0
    },
    "XSZJatuC": {
        "uses": 0,
        "amount": 22000,
        "type": "offline",
        "start": 0
    },
    "YqlqRbHk": {
        "uses": 0,
        "amount": 1000,
        "type": "online",
        "start": 0
    },
    "KzRvmQn3": {
        "uses": 0,
        "amount": 1000,
        "type": "online",
        "start": 0
    },
    "ivA954u0": {
        "uses": 0,
        "amount": 1000,
        "type": "offline",
        "start": 5001
    },
    "d7zPRqHX": {
        "uses": 1,
        "amount": 1000,
        "type": "online",
        "start": 0
    },
    "GQMLT3lm": {
        "uses": 0,
        "amount": 1000,
        "type": "online",
        "start": 0
    },
    "KvNIXuWD": {
        "uses": 0,
        "amount": 2000,
        "type": "offline",
        "start": 2001
    },
    "2tgMG8o2": {
        "uses": 0,
        "amount": 1000,
        "type": "online",
        "start": 0
    },
    "2VHIPIFb": {
        "uses": 0,
        "amount": 500,
        "type": "offline",
        "start": 2001
    },
    "bOw8JTTT": {
        "uses": 0,
        "amount": 500,
        "type": "online",
        "start": 501
    },
    "UtTC9byx": {
        "uses": 0,
        "amount": 500,
        "type": "online",
        "start": 501
    },
    "15VHSxmZ": {
        "uses": 0,
        "amount": 500,
        "type": "online",
        "start": 501
    },
    "gtqIMRKY": {
        "uses": 0,
        "amount": 250,
        "type": "online",
        "start": 751
    },
    "xiq0Tdtx": {
        "uses": 1,
        "amount": 1,
        "type": "offline",
        "start": 0
    },
    "DBkzadR5": {
        "uses": 0,
        "amount": 1000,
        "type": "online",
        "start": 0
    },
    "eHA3Z1Vo": {
        "uses": 0,
        "amount": 1000,
        "type": "online",
        "start": 0
    },
    "WS2chWcy": {
        "uses": 0,
        "amount": 380,
        "type": "online",
        "start": 620
    },
    "gXb5XdZQ": {
        "uses": 0,
        "amount": 150,
        "type": "offline",
        "start": 2001
    },
    "zpjSdjPS": {
        "uses": 0,
        "amount": 1000,
        "type": "online",
        "start": 0
    },
    "jl8K8ya7": {
        "uses": 0,
        "amount": 500,
        "type": "online",
        "start": 501
    },
    "7vjYpal0": {
        "uses": 0,
        "amount": 1000,
        "type": "online",
        "start": 0
    },
    "rh8iXTqB": {
        "uses": 0,
        "amount": 1000,
        "type": "online",
        "start": 0
    },
    "1VJfOYnS": {
        "uses": 0,
        "amount": 1000,
        "type": "online",
        "start": 0
    },
    "P0ntDVmN": {
        "uses": 0,
        "amount": 250,
        "type": "online",
        "start": 751
    },
    "0Qz4Cw4n": {
        "uses": 0,
        "amount": 1000,
        "type": "online",
        "start": 0
    },
    "n8kRm9GT": {
        "uses": 0,
        "amount": 250,
        "type": "online",
        "start": 751
    },
    "u15AeNhW": {
        "uses": 0,
        "amount": 1000,
        "type": "online",
        "start": 0
    },
    "LtkwsgP3": {
        "uses": 0,
        "amount": 1000,
        "type": "online",
        "start": 0
    },
    "ijXGMVvZ": {
        "uses": 0,
        "amount": 7050,
        "type": "offline",
        "start": 2001
    },
    "PYjyqWl8": {
        "uses": 0,
        "amount": 1000,
        "type": "online",
        "start": 0
    },
    "7bClvjVa": {
        "uses": 0,
        "amount": 0,
        "type": "offline",
        "start": 0
    },
    "3sQA5gxX": {
        "uses": 0,
        "amount": 500,
        "type": "online",
        "start": 0
    },
    "27HBKhX9": {
        "uses": 0,
        "amount": 8200,
        "type": "offline",
        "start": 2001
    },
    "DudFwvhX": {
        "uses": 0,
        "amount": 1000,
        "type": "online",
        "start": 0
    },
    "UhnoiOvM": {
        "uses": 0,
        "amount": 150,
        "type": "online",
        "start": 851
    },
    "hY2UJPFZ": {
        "uses": 0,
        "amount": 100,
        "type": "offline",
        "start": 2000
    },
    "A1B4HZXK": {
        "uses": 0,
        "amount": 1000,
        "type": "online",
        "start": 0
    },
    "Hky88JBJ": {
        "uses": 0,
        "amount": 1000,
        "type": "online",
        "start": 0
    },
    "jmN1kAgy": {
        "uses": 1,
        "amount": 1000,
        "type": "online",
        "start": 0
    },
    "nero2YTd": {
        "uses": 1,
        "amount": 1000,
        "type": "online",
        "start": 0
    },
    "2GaoJFzF": {
        "uses": 1,
        "amount": 1000,
        "type": "offline",
        "start": 2001
    },
    "QiogLzn8": {
        "uses": 1,
        "amount": 1000,
        "type": "offline",
        "start": 2001
    },
    "VLUKS7jH": {
        "uses": 1,
        "amount": 1000,
        "type": "offline",
        "start": 2001
    },
    "55nezzeL": {
        "uses": 0,
        "amount": 100,
        "type": "online",
        "start": 901
    },
    "qxOydGMl": {
        "uses": 0,
        "amount": 100,
        "type": "offline",
        "start": 2001
    },
    "JjVMijdR": {
        "uses": 0,
        "amount": 1000,
        "type": "online",
        "start": 0
    },
    "9ooY6vMo": {
        "uses": 0,
        "amount": 1000,
        "type": "online",
        "start": 0
    },
    "eLzwJFSV": {
        "uses": 0,
        "amount": 5000,
        "type": "offline",
        "start": 2001
    },
    "w3UyGIl6": {
        "uses": 0,
        "amount": 200,
        "type": "online",
        "start": 801
    },
    "vSppl51e": {
        "uses": 0,
        "amount": 1001,
        "type": "online",
        "start": 0
    },
    "TtE1UwoZ": {
        "uses": 0,
        "amount": 1000,
        "type": "online",
        "start": 0
    },
    "XTqryH8m": {
        "uses": 0,
        "amount": 1000,
        "type": "online",
        "start": 0
    },
    "md6NK9f6": {
        "uses": 0,
        "amount": 1000,
        "type": "online",
        "start": 101
    },
    "7OeGWIQ7": {
        "uses": 0,
        "amount": 2000,
        "type": "offline",
        "start": 2001
    },
    "eKZ9OKmf": {
        "uses": 0,
        "amount": 500,
        "type": "online",
        "start": 501
    },
    "aKmopt8B": {
        "uses": 0,
        "amount": 250,
        "type": "online",
        "start": 751
    },
    "oSAsDhCk": {
        "uses": 0,
        "amount": 250,
        "type": "online",
        "start": 751
    },
    "5s9GV1jr": {
        "uses": 0,
        "amount": 250,
        "type": "online",
        "start": 751
    },
    "8cI9ycCU": {
        "uses": 0,
        "amount": 250,
        "type": "online",
        "start": 751
    },
    "G4eC7vzX": {
        "uses": 0,
        "amount": 1000,
        "type": "online",
        "start": 100
    },
    "Ts8l6eyh": {
        "uses": 1,
        "amount": 500,
        "type": "online",
        "start": 501
    },
    "eXiobXtR": {
        "uses": 0,
        "amount": 1000,
        "type": "online",
        "start": 100
    },
    "o8pNsybK": {
        "uses": 0,
        "amount": 250,
        "type": "online",
        "start": 751
    },
    "mbXBoHWh": {
        "uses": 0,
        "amount": 5700,
        "type": "offline",
        "start": 2000
    },
    "iufhbNWS": {
        "uses": 0,
        "amount": 1000,
        "type": "online",
        "start": 0
    },
    "fQElCQTn": {
        "uses": 0,
        "amount": 1000,
        "type": "online",
        "start": 100
    },
    "F04MatqO": {
        "uses": 0,
        "amount": 1000,
        "type": "online",
        "start": 100
    },
    "eJcvK7CV": {
        "uses": 1,
        "amount": 1500,
        "type": "offline",
        "start": 2001
    },
    "JpM39udd": {
        "uses": 0,
        "amount": 1000,
        "type": "offline",
        "start": 2001
    },
    "tDX30GxB": {
        "uses": 0,
        "amount": 1000,
        "type": "offline",
        "start": 2001
    },
    "7YxT7Jdz": {
        "uses": 0,
        "amount": 1000,
        "type": "offline",
        "start": 2001
    },
    "A6sY021L": {
        "uses": 0,
        "amount": 300,
        "type": "online",
        "start": 701
    },
    "fIQjGYeH": {
        "uses": 0,
        "amount": 1000,
        "type": "offline",
        "start": 2001
    },
    "ySVtScLh": {
        "uses": 0,
        "amount": 1000,
        "type": "offline",
        "start": 3001
    },
    "wwQgUzdh": {
        "uses": 1,
        "amount": 250,
        "type": "online",
        "start": 700
    },
    "wZ5ejlrT": {
        "uses": 0,
        "amount": 7000,
        "type": "offline",
        "start": 2001
    },
    "EhROVn1a": {
        "uses": 0,
        "amount": 500,
        "type": "online",
        "start": 0
    },
    "VnvBfPvc": {
        "uses": 0,
        "amount": 500,
        "type": "offline",
        "start": 3001
    },
    "INEKKCKe": {
        "uses": 0,
        "amount": 1000,
        "type": "online",
        "start": 0
    },
    "YkGLZ0io": {
        "uses": 0,
        "amount": 500,
        "type": "online",
        "start": 0
    },
    "pj8M3QfF": {
        "uses": 0,
        "amount": 250,
        "type": "offline",
        "start": 3001
    },
    "vVyOL3Xi": {
        "uses": 0,
        "amount": 750,
        "type": "online",
        "start": 0
    },
    "KXPjdIG1": {
        "uses": 0,
        "amount": 2050,
        "type": "offline",
        "start": 2001
    },
    "H3YwHbqu": {
        "uses": 0,
        "amount": 7000,
        "type": "offline",
        "start": 2001
    },
    "5SvCfW0a": {
        "uses": 0,
        "amount": 1000,
        "type": "online",
        "start": 0
    },
    "zoFzYbgU": {
        "uses": 0,
        "amount": 1000,
        "type": "online",
        "start": 0
    },
    "ufKfoPph": {
        "uses": 0,
        "amount": 500,
        "type": "online",
        "start": 0
    },
    "uZumNSUv": {
        "uses": 0,
        "amount": 10000,
        "type": "offline",
        "start": 2001
    },
    "YCJ2HSEd": {
        "uses": 0,
        "amount": 1000,
        "type": "online",
        "start": 0
    },
    "HerA8bMi": {
        "uses": 0,
        "amount": 2000,
        "type": "offline",
        "start": 4001
    },
    "wjS6eXFD": {
        "uses": 0,
        "amount": 1000,
        "type": "offline",
        "start": 2001
    },
    "sbzIxyNL": {
        "uses": 0,
        "amount": 1000,
        "type": "online",
        "start": 0
    },
    "2nYdM5u5": {
        "uses": 0,
        "amount": 500,
        "type": "online",
        "start": 0
    },
    "5MO8NJ3p": {
        "uses": 0,
        "amount": 150,
        "type": "online",
        "start": 0
    },
    "g42dHrsK": {
        "uses": 0,
        "amount": 350,
        "type": "offline",
        "start": 2001
    },
    "BSBIwVgA": {
        "uses": 0,
        "amount": 250,
        "type": "online",
        "start": 0
    },
    "p8B2JewI": {
        "uses": 0,
        "amount": 1000,
        "type": "online",
        "start": 0
    },
    "8YBq1Yyn": {
        "uses": 0,
        "amount": 200,
        "type": "offline",
        "start": 2001
    },
    "6zQfcidH": {
        "uses": 0,
        "amount": 1000,
        "type": "offline",
        "start": 2001
    },
    "nrakvufl": {
        "uses": 0,
        "amount": 1000,
        "type": "online",
        "start": 0
    },
    "tL7H5O0d": {
        "uses": 0,
        "amount": 2000,
        "type": "offline",
        "start": 2001
    },
    "rBsWpNDi": {
        "uses": 0,
        "amount": 2000,
        "type": "online",
        "start": 0
    },
    "45zkjaPg": {
        "uses": 0,
        "amount": 250,
        "type": "online",
        "start": 600
    },
    "AurNm7oX": {
        "uses": 0,
        "amount": 300,
        "type": "offline",
        "start": 2001
    },
    "0mj5SvZ3": {
        "uses": 0,
        "amount": 1000,
        "type": "offline",
        "start": 2001
    },
    "2lyygrKI": {
        "uses": 0,
        "amount": 2000,
        "type": "offline",
        "start": 2001
    },
    "6STTQFlm": {
        "uses": 0,
        "amount": 1000,
        "type": "offline",
        "start": 2001
    },
    "CoCpenrq": {
        "uses": 0,
        "amount": 1000,
        "type": "online",
        "start": 0
    },
    "ciOk6X8a": {
        "uses": 0,
        "amount": 1000,
        "type": "online",
        "start": 0
    },
    "RdLAELAd": {
        "uses": 0,
        "amount": 150,
        "type": "online",
        "start": 0
    },
    "xpcPYOXX": {
        "uses": 0,
        "amount": 1000,
        "type": "offline",
        "start": 2001
    },
    "v2hFc87I": {
        "uses": 0,
        "amount": 250,
        "type": "online",
        "start": 0
    },
    "1dA0JWsl": {
        "uses": 0,
        "amount": 10000,
        "type": "offline",
        "start": 0
    },
    "iZlVJmK9": {
        "uses": 0,
        "amount": 500,
        "type": "offline",
        "start": 4500
    },
    "tRHZTzxU": {
        "uses": 0,
        "amount": 2000,
        "type": "offline",
        "start": 2001
    },
    "qwx02Q64": {
        "uses": 0,
        "amount": 500,
        "type": "offline",
        "start": 3500
    },
    "hWCbPSfc": {
        "uses": 0,
        "amount": 1000,
        "type": "offline",
        "start": 3001
    },
    "xi4OloMl": {
        "uses": 0,
        "amount": 2000,
        "type": "offline",
        "start": 2001
    },
    "ChrIqMRQ": {
        "uses": 0,
        "amount": 3500,
        "type": "offline",
        "start": 2001
    },
    "sGcu1Rlv": {
        "uses": 0,
        "amount": 10,
        "type": "offline",
        "start": 2001
    }
}